Conversion,Dominant_r2,Embryo,FRACTION,Fitness,Gen,Germline,Recessive_r2,pop_size,rate_dr,rate_r2,rate_wt,success_Yes
0.6,T,0.1,0.1,0.8,0,0.2,F,55616,0.0499407,0.0,0.950059,
0.6,T,0.1,0.1,0.8,1,0.2,F,49899,0.0729273,0.0133169,0.913756,
0.6,T,0.1,0.1,0.8,2,0.2,F,47315,0.0991335,0.0239036,0.876963,
0.6,T,0.1,0.1,0.8,3,0.2,F,44559,0.133508,0.0336857,0.832806,
0.6,T,0.1,0.1,0.8,4,0.2,F,43359,0.180458,0.0465647,0.772977,
0.6,T,0.1,0.1,0.8,5,0.2,F,40703,0.23626,0.0633614,0.700378,
0.6,T,0.1,0.1,0.8,6,0.2,F,36279,0.305438,0.0780617,0.6165,
0.6,T,0.1,0.1,0.8,7,0.2,F,31985,0.383039,0.0921057,0.524855,
0.6,T,0.1,0.1,0.8,8,0.2,F,27251,0.467249,0.104345,0.428406,
0.6,T,0.1,0.1,0.8,9,0.2,F,22127,0.543228,0.117142,0.33963,
0.6,T,0.1,0.1,0.8,10,0.2,F,17133,0.613932,0.122162,0.263906,
0.6,T,0.1,0.1,0.8,11,0.2,F,12340,0.675648,0.12816,0.196191,
0.6,T,0.1,0.1,0.8,12,0.2,F,8038,0.714979,0.124036,0.160985,
0.6,T,0.1,0.1,0.8,13,0.2,F,5205,0.731796,0.129011,0.139193,
0.6,T,0.1,0.1,0.8,14,0.2,F,3591,0.752437,0.132971,0.114592,
0.6,T,0.1,0.1,0.8,15,0.2,F,2269,0.795945,0.132437,0.0716175,
0.6,T,0.1,0.1,0.8,16,0.2,F,1161,0.81137,0.128768,0.0598622,
0.6,T,0.1,0.1,0.8,17,0.2,F,429,0.811189,0.117716,0.0710956,
0.6,T,0.1,0.1,0.8,18,0.2,F,287,0.771777,0.102787,0.125436,
0.6,T,0.1,0.1,0.8,19,0.2,F,358,0.794693,0.139665,0.0656425,
0.6,T,0.1,0.1,0.8,20,0.2,F,202,0.841584,0.121287,0.0371287,
0.6,T,0.1,0.1,0.8,21,0.2,F,38,0.736842,0.184211,0.0789474,
0.6,T,0.1,0.1,0.8,22,0.2,F,29,0.87931,0.0862069,0.0344828,
0.6,T,0.1,0.1,0.8,23,0.2,F,0,NAN,NAN,NAN,1
