Conversion,Dominant_r2,Embryo,FRACTION,Fitness,Gen,Germline,Recessive_r2,pop_size,rate_dr,rate_r2,rate_wt,success_Yes
0.6,T,0.1,0.1,0.8,0,0.2,F,55646,0.0499137,0.0,0.950086,
0.6,T,0.1,0.1,0.8,1,0.2,F,49843,0.0701703,0.0129206,0.916909,
0.6,T,0.1,0.1,0.8,2,0.2,F,47128,0.0942433,0.0227253,0.883031,
0.6,T,0.1,0.1,0.8,3,0.2,F,44752,0.125927,0.0325349,0.841538,
0.6,T,0.1,0.1,0.8,4,0.2,F,42695,0.16838,0.0440215,0.787598,
0.6,T,0.1,0.1,0.8,5,0.2,F,40655,0.223097,0.0574591,0.719444,
0.6,T,0.1,0.1,0.8,6,0.2,F,37487,0.293568,0.0729986,0.633433,
0.6,T,0.1,0.1,0.8,7,0.2,F,33201,0.372489,0.0879492,0.539562,
0.6,T,0.1,0.1,0.8,8,0.2,F,28635,0.45963,0.101327,0.439043,
0.6,T,0.1,0.1,0.8,9,0.2,F,22899,0.542076,0.114372,0.343552,
0.6,T,0.1,0.1,0.8,10,0.2,F,17517,0.62171,0.127419,0.250871,
0.6,T,0.1,0.1,0.8,11,0.2,F,11719,0.680732,0.130557,0.188711,
0.6,T,0.1,0.1,0.8,12,0.2,F,7852,0.731597,0.128375,0.140028,
0.6,T,0.1,0.1,0.8,13,0.2,F,4728,0.759095,0.125846,0.115059,
0.6,T,0.1,0.1,0.8,14,0.2,F,2998,0.78936,0.132088,0.0785524,
0.6,T,0.1,0.1,0.8,15,0.2,F,1445,0.803114,0.128028,0.0688581,
0.6,T,0.1,0.1,0.8,16,0.2,F,637,0.812402,0.117739,0.0698587,
0.6,T,0.1,0.1,0.8,17,0.2,F,305,0.816393,0.104918,0.0786885,
0.6,T,0.1,0.1,0.8,18,0.2,F,165,0.8,0.10303,0.0969697,
0.6,T,0.1,0.1,0.8,19,0.2,F,110,0.8,0.0636364,0.136364,
0.6,T,0.1,0.1,0.8,20,0.2,F,157,0.828025,0.133758,0.0382166,
0.6,T,0.1,0.1,0.8,21,0.2,F,39,0.884615,0.0897436,0.025641,
0.6,T,0.1,0.1,0.8,22,0.2,F,10,0.65,0.25,0.1,
0.6,T,0.1,0.1,0.8,23,0.2,F,0,NAN,NAN,NAN,1
